{
  "winner": "XGBoost",
  "run_id": "3762884ab4aa4f078c0d0401b66d1d3b",
  "registry_version": 2,
  "metrics": {
    "roc_auc": 0.8364394081288631,
    "avg_precision": 0.31431814690182236,
    "f1": 0.3142857142857143
  },
  "all_metrics": {
    "RandomForest": {
      "roc_auc": 0.8275426109758381,
      "avg_precision": 0.2461959995218337,
      "f1": 0.3140495867768595
    },
    "XGBoost": {
      "roc_auc": 0.8364394081288631,
      "avg_precision": 0.31431814690182236,
      "f1": 0.3142857142857143
    }
  }
}